Date,CommitCount
2024-07-02,1
2024-08-06,1
2024-08-12,1
2024-09-11,1
2024-10-10,1
2024-10-15,1
2024-11-11,1
2024-12-20,1
2025-01-17,1
2025-01-25,1
2025-02-05,1
2025-02-10,1
2025-02-11,1
2025-02-18,1
2025-03-06,1
2025-03-10,1
2025-03-21,1
2025-03-24,1
2025-04-01,1
2025-04-02,1
2025-04-03,1
2025-04-09,1
2025-04-14,1
2025-04-17,1
2025-04-22,1
2025-04-23,2
2025-04-25,1
2025-04-29,1
2025-04-30,2
2025-05-01,2
2025-05-07,1
2025-05-14,1
2025-05-15,1
2025-05-16,1
2025-05-28,1
2025-05-29,2
